{"cameraMode":{"drawMode":0,"name":"Shaded","section":"Shading Mode"},"sceneLighting":true,"audioPlay":false,"sceneViewState":{"m_AlwaysRefresh":false,"showFog":true,"showSkybox":true,"showFlares":true,"showImageEffects":true,"showParticleSystems":true,"showVisualEffectGraphs":true,"m_FxEnabled":true},"in2DMode":false,"pivot":{"x":435.92376708984377,"y":248.08372497558595,"z":-544.3843994140625},"rotation":{"x":0.0018092000391334296,"y":0.0062951333820819859,"z":0.0002999553398694843,"w":1.0001084804534913},"size":0.8170562982559204,"orthographic":false}